Entity1|Entity2
8975|9725
3875|7035
2720|4660
6625|8340
4675|6400
6060|6200
2310|6160
1735|4755
1105|7935
3910|4525
510|8310
3500|5895
6220|9600
795|1170
2305|6920
4480|6630
5655|7460
4840|9570
5050|8680
3290|7370
5835|9140
7430|7850
335|7000
125|8080
3690|7110
8605|8805
1110|8355
910|8605
895|9870
160|5370
2150|4170
185|3425
910|8805
4685|6800
985|2605
4890|6185
2355|3670
2695|8280
3510|6175
4850|9655
7635|7895
2105|8140
195|2840
1310|8600
2155|4085
2885|9035
315|9370
3530|4670
1170|4005
2550|4245
4120|5035
4695|6675
1715|8270
2355|4320
2325|6860
4320|5195
2180|2610
6445|9130
1155|5875
6065|8005
2380|2680
1150|6485
1905|9450
965|5560
2730|6525
935|8060
130|9405
1735|7315
6285|6570
4335|4625
2890|9930
2355|5195
5490|7145
1325|8810
1905|9860
3910|7290
830|875
4135|5130
1005|2780
965|6125
2105|9875
9015|9810
795|4005
140|9265
4120|6635
1940|7485
1395|3650
1030|1195
140|9555
1980|4335
7440|9955
405|4050
7665|7700
3510|8650
2145|7275
1980|4625
8045|9135
1990|3935
8630|9915
200|5180
2560|5945
2330|8670
1400|4090
210|4665
565|8090
1335|9730
435|2525
9430|9610
1135|9970
1390|5245
6290|8205
4525|7290
4140|6520
395|6095
7075|8725
9435|9540
7085|8015
5920|6515
2565|6500
4345|6330
2170|6765
3735|7995
215|5240
8655|9280
6090|9200
1385|6655
2015|3715
4140|7580
3375|5550
8860|9095
1040|2875
3150|8055
865|1225
280|700
4165|5965
5545|6130
6685|9920
9450|9860
995|7160
4355|6840
4335|8515
815|5795
5310|9620
4965|5490
3350|8485
1255|2170
5345|6795
1205|6350
6520|7580
4930|8705
7295|9105
4570|5910
2225|4015
6725|7360
9265|9555
1010|6605
5555|6425
660|3130
4755|7315
845|4240
5560|6125
6915|8430
4390|5025
495|640
3200|5530
1980|8515
3390|6190
2765|8930
4155|8270
845|4520
2045|3235
5935|8140
3415|4345
675|2465
1220|6445
2180|8710
2055|2705
3215|4770
3355|9535
620|7185
3575|7795
4965|7145
5565|6505
3420|4510
1670|2355
3755|9605
1225|6645
3575|8225
4380|7035
8890|9690
7125|8780
5140|9705
7510|9650
1205|8690
3230|4750
3375|9150
5775|6590
490|2895
880|3330
4775|7820
45|7205
5935|9875
5000|5565
5550|9150
1075|3760
1280|3190
1240|6510
5165|8420
1670|3670
3415|6330
4760|9425
6555|7945
6350|8690
5380|7340
1100|2165
1095|2625
6375|6780
120|1670
4985|7525
920|945
855|6415
1670|4320
5000|6505
5960|8750
4975|8605
1220|9130
4820|5290
4975|8805
1090|3590
225|9885
4425|5410
120|2355
2610|8710
2030|7710
4240|4520
1420|9225
2280|3395
1425|8885
2425|7835
4230|5495
1125|1160
7745|8755
1060|6565
1255|6765
5985|7390
2630|7365
1670|5195
450|8275
2045|6985
7355|8615
715|2700
865|6645
7940|9410
145|1145
325|2590
5030|5295
4040|5555
7555|8770
1665|6145
5985|8030
6175|8650
3235|6985
110|4220
8735|9255
1115|2750
5410|6755
3240|6715
3820|7785
4425|6755
120|3670
8140|9875
5815|6400
4815|7505
5610|7105
4205|9060
3670|4320
705|4680
2470|5655
4040|6425
5230|5980
120|4320
850|9295
4020|8360
3050|6950
1260|8185
3875|4380
1050|9475
890|6395
860|8920
6575|9770
7380|8520
5600|8840
3670|5195
2255|7970
2090|5280
5035|6635
910|4975
3025|9735
5790|9700
120|5195
7390|8030
5430|6895
5395|9930
7195|8025
2845|8665
1715|4155
4625|8515
925|4365
2470|7460
2890|5395
3490|4810
8380|8620
7795|8225
5820|8380
1860|9595
1295|7345
5820|8620
1560|1870
2920|3775
190|1000
2105|5935
1270|9755
1070|9975
4675|5815
6035|7705
